{"id":0,"uni":0,"total":1.7067805528640747,"_wandb":{"runtime":12076},"_runtime":12076.780936387,"_timestamp":1.759846870353265e+09,"_step":25000,"ce":1.7067805528640747}