{"_wandb":{"runtime":36},"_runtime":36.287406314,"ce":8.548201560974121,"id":0,"uni":0,"total":8.548201560974121,"_timestamp":1.759315126347464e+09,"_step":100}