{"loss":3.492426633834839,"_timestamp":1.7569971855027153e+09,"_step":40,"_wandb":{"runtime":15},"_runtime":15.607661642}