{"_step":500,"ce":8.665191650390625,"id":1394.0863037109375,"_wandb":{"runtime":148},"_runtime":148.611908482,"uni":3.283187197666848e-07,"total":1402.75146484375,"_timestamp":1.759315319821401e+09}