{"_wandb":{"runtime":20},"_runtime":20.118879433,"_step":40,"loss":NaN,"_timestamp":1.7569841762511182e+09}