{"_step":40,"_wandb":{"runtime":14},"_runtime":14.313735216,"train/loss":NaN,"_timestamp":1.7569937072387137e+09}