{"loss":NaN,"_timestamp":1.7569843141995606e+09,"_step":40,"_wandb":{"runtime":14},"_runtime":14.488534594}